Product name,price,rating,reviews,availability
"RL Swisslook Polyster Bange Series 45L USB Travel Laptop Backpack 15.6"" Black",,4.3 out of 5 stars,"1,314 ratings",Not Available
"Red Lemon Bange Hard Ironlook Briefcase Laptop Bag Anti-Theft Hard Shell Unisex Laptop Backpack with USB Charging Backpack for Men and Women, Black, M, Modern",,4.6 out of 5 stars,49 ratings,Not Available
Wesley Milestone 2.0 15.6 inch 30 L Casual Waterproof Laptop Backpack/Office Bag/School Bag/College Bag/Business Bag/Unisex Travel Backpack (Blue and Black),,4.3 out of 5 stars,"5,617 ratings",Not Available
"Kuber Industries Handcrafted Embroidered Clutch Bag Purse Handbag for Bridal, Casual, Party, (Cream) - CTKTC34515",,3.8 out of 5 stars,471 ratings,
ADISA 15.6 inch Laptop Backpack Office Bag College Travel Back Pack 32 Ltrs (z-Navy Blue),,3.8 out of 5 stars,552 ratings,Not Available
Lavie Sport Lino Large Size 63 cms Wheel Duffel Bag for Travel | Luggage Bag | Travel Bag (Black),,3.9 out of 5 stars,"2,725 ratings",Not Available
SAFARI 15 Ltrs Sea Blue Casual Backpack (DAYPACKNEO15CBSEB),,4.0 out of 5 stars,"17,650 ratings",Currently unavailable.
"Wesley Milestone 15.6 inch Casual Waterproof Laptop Backpack/Office Bag/School Bag/College Bag/Business Bag/Unisex Travel Backpack (30 litres, 2 Main & 1 Small Compartment, Grey and Black)",,4.2 out of 5 stars,"4,063 ratings",
"EUME Propine Massager Backpack For 15.6 Inch Laptop (Black, 22L)",,4.1 out of 5 stars,5 ratings,Currently unavailable.
"Half Moon Large 37L Laptop Bag Backpack for menं Women Boys and Girls Luggage Travel Bags with 17.3 inches Laptop Compartment & Rain Cover, Black, L, Casual",,3.9 out of 5 stars,"1,695 ratings",Not Available
"Half Moon Large 37L Laptop Bag Backpack for menं Women Boys and Girls Luggage Travel Bags with 17.3 inches Laptop Compartment & Rain Cover, Black & Orange, L, Casual",,3.9 out of 5 stars,"1,695 ratings",Not Available
"Blue Tree Boy's and Girl's Plush Soft Spiderman Cartoon School Bag (Multicolour, 3 to 5 Years)",,4.0 out of 5 stars,"1,030 ratings",
"Half Moon 35 L Waterproof Laptop College School Office Bag Backpack for Men Women Boys Girls with 15.6 inch Padded Laptop Compartment & Rain Cover (Navy_Blue), Navy Blue, M, backpack",,3.9 out of 5 stars,"14,752 ratings",
"Fur Jaden Anti Theft Number Lock Backpack Bag with 15.6 Inch Laptop Compartment, USB Charging Port & Organizer Pocket for Men Women Boys Girls, Grey, L, Anti Theft Backpack with Number Lock",,3.9 out of 5 stars,"3,069 ratings",Currently unavailable.
"TRUE HUMAN Emperor Anti-Theft backpack With USB charging Port and anti -theft back pocket Laptop bag , office bag , college bag ( LEGEND )",,3.7 out of 5 stars,"1,812 ratings",Currently unavailable.
Wesley Milestone 15.6 inch 25 L Casual Waterproof Laptop Backpack/Office Bag/School Bag/College Bag/Business Bag/Unisex Travel Backpack,,4.3 out of 5 stars,"1,191 ratings",Currently unavailable.
HEROZ Unisex-Adult Hacker 50 Litres Nylon Travel Laptop Backpack Water Resistant Slim Durable Computer Book Bag Tracking Laptop 058- All Fits Up To 17.3-Inch Large Navy Blue,,4.2 out of 5 stars,"3,573 ratings",Not Available
EUME Virgo 29Ltr Laptop Backpack For Men & Women (Navy Blue),,4.1 out of 5 stars,474 ratings,Currently unavailable.
"Half Moon Large 37L Laptop Bag Backpack for menं Women Boys and Girls Luggage Travel Bags with 17.3 inches Laptop Compartment & Rain Cover, Black, L, Casual",,3.9 out of 5 stars,"1,695 ratings",Not Available
"Fur Jaden 55 LTR Rucksack Travel Backpack Bag for Trekking, Hiking with Shoe Compartment, Black Grey, L, backpacks",,4.2 out of 5 stars,"4,861 ratings",Currently unavailable.
"Northzone Casual Waterproof Laptop Backpack/Office Bag/School Bag/College Bag/Business Bag/Travel Backpack (Dimensions:13x18 inches) (Compatible with 39.62cm(15.6inch laptop) 30 L, Navy Blue, M, Casual",,,,Currently unavailable.
"Half Moon Strike 35L Unisex Spacious School/ Laptop/ College/ Office Travel Backpack Bag for Men Women Boys & Girls with 15.6 inch Padded Laptop Compartment & Multiple Pockets, Black, Mid Size, school bag",,Previous page of related Sponsored Products,,Currently unavailable.
Gear Adult Casual Backpack One Size Black And Blue,,3.7 out of 5 stars,"5,967 ratings",
F Gear Luxur Brown 25 liter Laptop Backpack,,4.4 out of 5 stars,"15,680 ratings",Usually ships within 2 to 3 weeks
AirCase C34 13 Inch/ 14 Inch/15.6 Inch Premium Vegan Leather Laptop Backpack For Men & Women (Black) 25 Ltrs,,3.9 out of 5 stars,736 ratings,Not Available
DEIN KLEIDER Nylon Sling Cross Body Travel Office Business Messenger one Side Shoulder Pouch Bag for Men and Women,,4.0 out of 5 stars,"4,475 ratings",
